{
  "class_to_idx": {
    "BreastHisto": 0,
    "MRI": 1
  },
  "weights": [
    0.6512857142857142,
    2.152502360717658
  ]
}