{
  "config": {
    "image_size": 224,
    "batch_size": 32,
    "num_workers": 0,
    "epochs": 15,
    "learning_rate": 0.001,
    "weight_decay": 0.0001,
    "scheduler": "cosine",
    "save_best_metric": "val_f1",
    "patience": 5
  },
  "training_history": {
    "train_loss": [
      0.14674160817122103,
      0.10092353819384035,
      0.026213995058596947,
      0.001122816220315137,
      1.6083921744194525e-10,
      0.0016562805590533206
    ],
    "train_accuracy": [
      0.9932405956112853,
      0.9963753918495298,
      0.9988244514106583,
      0.9998040752351097,
      1.0,
      0.9998040752351097
    ],
    "train_f1": [
      0.9919042590637099,
      0.9956618595380466,
      0.9985964912280701,
      0.9997660818713451,
      1.0,
      0.9997658627955982
    ],
    "val_loss": [
      9.692566008626763e-05,
      0.008043149296118289,
      0.0048118637596806695,
      1.1934015260432278e-20,
      3.171579263753117e-22,
      0.3548421757105662
    ],
    "val_accuracy": [
      1.0,
      0.9996794871794872,
      0.9987179487179487,
      1.0,
      1.0,
      0.9875
    ],
    "val_f1": [
      1.0,
      0.9996190476190476,
      0.9984732824427481,
      1.0,
      1.0,
      0.9853548629365377
    ],
    "val_auc": [
      1.0,
      0.9997234513274337,
      1.0,
      1.0,
      1.0,
      0.9941924778761062
    ]
  },
  "best_metric": 1.0,
  "best_metric_name": "val_f1",
  "total_epochs": 6,
  "timestamp": "20250901_211609"
}